Date,long_ret,short_ret,cum_ret,equity,drawdown,long_pnl,short_pnl
2024-11-20,-0.013822062225188673,0.008298904152933382,-0.0055231580722552905,0.9944768419277447,0.0,0.9861779377748113,1.0082989041529333
2024-11-21,-0.003124546895706929,0.0048728187545363155,0.0017482718588293865,0.9962154578047444,0.0,0.9830965785607223,1.0132121619632681
2024-11-22,0.009719593041725096,-0.005529932981383003,0.004189660060342093,1.0003892619198045,0.0,0.9926518772250449,1.007609166611689
2024-11-25,0.0036736826530745772,-0.0022997890494414826,0.0013738936036330946,1.0017636903278995,0.0,0.9962985652069484,1.0052918780841986
2024-11-26,0.004440042602122474,0.0035633393007483824,0.008003381902870857,1.009781187718023,0.0,1.0007221732809009,1.0088740741420992
2024-11-27,0.0019158534872817088,-0.005113567448985634,-0.003197713961703925,1.006552196315791,-0.003197713961703874,1.0026394103463812,1.0037151285164407
2024-11-28,0.00338741637773467,-0.0021429737229484696,0.0012444426547862002,1.007804792803155,-0.0019572506785695554,1.0060357675059508,1.0015641933707042
2024-11-29,0.0040292678863592815,0.003394529352255247,0.0074237972386145285,1.0152865312410297,0.0,1.0100893551164913,1.004964032423269
2024-12-02,0.003860055011772837,-0.0027106901441338745,0.0011493648676389624,1.0164534659106252,0.0,1.0139883555940472,1.00223988632537
2024-12-03,0.0009002382086439854,-0.007667455300641203,-0.006767217091997218,1.009574904642895,-0.006767217091997235,1.0149011866548732,0.9945552567964506
2024-12-04,0.0006421874891734313,0.006531204806163552,0.007173392295336984,1.016816981485426,0.0,1.0155529434996902,1.0010509008696349
2024-12-05,0.007242003586431043,-0.002833152497594769,0.0044088510888362735,1.0212999761413952,0.0,1.0229075815587256,0.9982147710096166
2024-12-06,-0.00967746387124683,0.005912579838191981,-0.0037648840330548492,1.0174549001682611,-0.0037648840330548605,1.0130084303945666,1.0041167955388737
2024-12-09,-0.0063539347512849885,0.0029325797583181806,-0.003421354992966808,1.0139738257654518,-0.007173358021237419,1.006571840925338,1.0070614481284583
2024-12-10,0.006499893106550592,0.009972753454238661,0.016472646560789252,1.0306766582191773,0.0,1.0131144502954164,1.017104623663912
2024-12-11,-0.005338695698211221,0.005292997870283315,-4.5697827927905846e-05,1.0306295585346006,-4.5697827928070645e-05,1.0077057405378287,1.0224881562708206
2024-12-12,-0.0004917115422709506,0.0034157454967820937,0.0029240339545111432,1.0336431543582785,0.0,1.0072102399939935,1.0259807155861156
2024-12-13,-0.0049290591961857885,0.0014063411651925465,-0.003522718030993242,1.0300019209808078,-0.0035227180309932438,1.0022456410980587,1.027423594501138
2024-12-16,-0.018848376232996143,0.004685184522425645,-0.014163191710570499,1.0154138063117009,-0.017636016810748445,0.983354938176762,1.0322372636240698
2024-12-17,0.003313099257257815,-0.008471476726610009,-0.005158377469352193,1.0101759186111534,-0.022703421048334893,0.9866128906920563,1.023492689668939
2024-12-18,-0.004313846661027906,-0.0008412748689294518,-0.005155121529957358,1.0049683389840767,-0.027741503683642255,0.9823567939678173,1.0226316509905873
2024-12-19,-0.021442942088658806,0.014419414037740903,-0.007023528050917903,0.9979099156649377,-0.03457018850526339,0.9612921741243649,1.0373774001743192
2024-12-20,-0.011314884987653075,0.005780045418494554,-0.00553483956915852,0.9923866443772598,-0.039913687627169736,0.9504152637346167,1.0433734886634467
2024-12-23,0.01665295785850457,-0.01542181967664568,0.0012311381818588887,0.9936084094663193,-0.038731688710127554,0.9662424890696688,1.0272827708658863
2024-12-24,0.002048930886752416,-0.004142838303370331,-0.002093907416617915,0.9915278854485239,-0.04074449555649717,0.9682222531496162,1.0230269044543505
2024-12-27,0.006662408062363115,-0.006304856607962932,0.0003575514544001835,0.9918824076860442,-0.040401512355742186,0.9746729448951597,1.0165768665156776
2024-12-30,-0.004233027972239759,0.002502543452976701,-0.0017304845192630575,0.9901659705346141,-0.04206208268331879,0.9705471270556331,1.019120894297424
2024-12-31,-0.010735240112250386,0.0069817762108696805,-0.0037534639013807056,0.9864494183078367,-0.045657668075730906,0.9601280706064361,1.02623616831323
2025-01-02,0.005231752196126443,-0.00612553087303932,-0.0008937786769128769,0.9855677508519001,-0.046510638902480084,0.965151222748394,1.0199499269811976
2025-01-03,0.005106927236346075,-0.006285474826573287,-0.001178547590227212,0.984406212354128,-0.04763437149130889,0.9700801798150405,1.013539057390792
2025-01-06,-0.00039516184152541353,0.004262695513992683,0.0038675336724672696,0.9882134365277934,-0.04395106535455118,0.9696968411447574,1.0178594657839881
2025-01-07,0.008401887361309238,-0.002565473511938588,0.005836413849370651,0.9939810591148784,-0.03837116811171026,0.977844124778673,1.0152481742856434
2025-01-08,0.006881202328388477,0.0008767455815992305,0.007757947909987708,1.001692312395006,-0.030910901725178852,0.9845728680469009,1.016138288636675
2025-01-09,-0.003386366519957012,0.010084744488237549,0.0066983779682805375,1.0084020261113487,-0.024419576659993836,0.9812387434500888,1.0263857836422907
2025-01-10,-0.0013051552907268344,0.0026460646844633784,0.001340909393736544,1.0097542018608243,-0.023111411705991736,0.9799580745126087,1.0291016668170219
2025-01-13,-0.017257617796245964,0.007644617957512278,-0.009612999838733687,1.0000474348811756,-0.03250224154772274,0.963046332606325,1.036968755899277
2025-01-14,0.008782823213602804,-0.01547957449367908,-0.0066967512800762755,0.9933503659414982,-0.0389813334001089,0.971504598292115,1.0209169207947164
2025-01-15,-0.002839186697388119,-0.0005251876520988981,-0.0033643743494870173,0.9900083634502711,-0.04221455995139578,0.9687463153601926,1.0203807478340963
2025-01-16,0.015832880354339256,-0.011657379057337693,0.004175501297001564,0.9941421446559,-0.03821532560422369,0.9840843598649975,1.0084857826737845
2025-01-17,0.0008881932254674093,-0.005233568048592581,-0.004345374823125172,0.9898222244099046,-0.04239464051361075,0.984958416926718,1.0032078037041232
2025-01-20,0.003965770747991496,-6.847060255201745e-06,0.003958923687736295,0.9937408550607687,-0.03860355397243698,0.988864536204554,1.0032009346798427
2025-01-21,0.008816342358326517,-0.005733309702900605,0.0030830326554259126,0.9968045905679519,-0.03563953733452352,0.997582704501741,0.9974492730270837
2025-01-22,0.008462890753223656,-0.008049141955692986,0.0004137487975306702,0.9972170172686724,-0.035240534352709685,1.0060251379472447,0.989420662234886
2025-01-23,-0.002674691192486075,0.008914767413497561,0.006240076221011486,1.0034397274653186,-0.029220361752128277,1.0033343313713576,0.9982411173128187
2025-01-24,0.006349372706992757,-0.00023841104899274048,0.006110961658000016,1.009571709165973,-0.0232879646044285,1.0097048749909558,0.9980031256008925
2025-01-28,-0.00024408912486740338,0.011410691275421358,0.011166602150553954,1.0208451947846842,-0.012381409889508421,1.009458417011645,1.0093910311590297
2025-01-29,0.011416894749659984,-0.016525525744618415,-0.005108630994958431,1.0156300733815529,-0.017426788830143924,1.0209832975128252,0.9927103136872243
2025-01-30,0.0003627780691243125,-0.0006591553761617086,-0.00029637730703739606,1.015329063675458,-0.017718001232437497,1.021353687862105,0.9920559633469862
2025-01-31,0.0062326000814649,-0.011413458118439374,-0.005180858036974474,1.0100687879357413,-0.022807064820327683,1.0277193769402788,0.9807331741581773
2025-02-03,-0.02297579498834783,0.0168269433305505,-0.006148851657797331,1.0038580247945532,-0.028815679219795,1.0041067072301464,0.9972359157021279
2025-02-04,0.00022438226593302812,0.0001334685614945287,0.0003578508274275568,1.0042172562193457,-0.028468140107019257,1.0043320109683533,0.9973690153452672
2025-02-05,0.006287757295562923,-0.014890036644009407,-0.008602279348446484,0.9955786988548164,-0.03682552856173438,1.0106470068974869,0.9825181541591765
2025-02-06,0.007805228078392952,-0.006942946729198861,0.0008622813491940906,0.9964371677984939,-0.035995001178993236,1.0185353372930668,0.9756965829543787
2025-02-07,0.0004141103990297439,0.00027724956597960257,0.0006913599650093464,0.997126064563957,-0.03532852671673958,1.0189571233680192,0.9759670944085305
2025-02-10,-0.004049828682888718,0.0007463542149353962,-0.0033034744679533217,0.9938320840683392,-0.038515294298693714,1.0148305215831697,0.9766955115630804
2025-02-11,0.006272293381610811,0.0001916088588535348,0.006463902240464345,1.000256117503194,-0.03230035115533869,1.0211958363471525,0.9768826550754984
2025-02-12,-0.0004520306648094232,0.004116333653233706,0.0036643029884242824,1.0039213589837508,-0.028754406440180014,1.0207342245143478,0.980903830023846
2025-02-13,-0.00542481272153552,-0.0019196528154035298,-0.00734446553693905,0.9965480931608977,-0.03588768622998395,1.0151969325078958,0.9790208352249006
2025-02-14,0.004914862921150305,-0.007963898803844727,-0.003049035882694422,0.9935095822660194,-0.03882729926961637,1.0201864862691445,0.971224012366314
2025-02-17,-0.0011972863996904247,-0.01303668934418052,-0.014233975743870945,0.9793679909707415,-0.052508608177483596,1.0189650308639866,0.9585624666334858
2025-02-18,-0.007171026104604326,0.0033065328063515125,-0.003864493298252813,0.9755832299331118,-0.05617018231133386,1.011658006027982,0.9617319848763466
2025-02-19,-0.001819374209293242,0.0004009126636094562,-0.0014184615456837857,0.9741994026368376,-0.05750896861339505,1.0098174215431897,0.9621175554080819
2025-02-20,-0.008648302503900246,0.003041253064501803,-0.005607049439398443,0.9687370184224203,-0.0627935624225694,1.0010842150079755,0.9650435983718777
2025-02-21,0.0008551102024283404,0.006385248232703218,0.007240358435131559,0.9757510216651792,-0.056007851886796134,1.0019402523337189,0.9712056413028632
2025-02-24,-0.007576068914892915,0.0003575560692385492,-0.007218512845654366,0.9687075503811288,-0.06282207133414819,0.9943494839334334,0.9715529017743898
2025-02-25,-0.008298298382320992,0.01186617676831856,0.003567878385997569,0.9721637811124862,-0.05947833445862727,0.9860980752194468,0.9830815202466175
2025-02-26,-0.004188148415047427,0.005691856197868159,0.0015037077828207318,0.9736256313563216,-0.05806406471024117,0.9819681501286351,0.9886770788906428
2025-02-27,0.014080911184532497,-0.008775439496205876,0.0053054716883266205,0.9787911745785116,-0.05306665027334401,0.9957951564366362,0.9800010030035524
2025-02-28,-0.013793723459741994,0.020363521267913312,0.0065697978081713185,0.9852216346919149,-0.04684548962782553,0.9820594334261987,0.9999572742707917
2025-03-03,0.00791142538414185,-0.010479251288316196,-0.0025678259041743458,0.982691757057,-0.049293024470239866,0.9898289233565428,0.9894784707161284
2025-03-04,-0.012558504763908596,0.014898517265909548,0.002340012502000952,0.9849912680541266,-0.0470683582617607,0.9773981521071151,1.0042202327963383
2025-03-05,-0.005644923216752087,0.007268570808553297,0.0016236475918012094,0.9865905467544479,-0.04552113309650119,0.9718808145862751,1.0115194786658004
2025-03-06,0.004478304305050109,-0.006526348370854891,-0.0020480440658047815,0.9845699658397883,-0.04747594787579912,0.9762331926222323,1.0049179501641219
2025-03-07,-0.014148340979020057,0.015495197782518505,0.0013468568034984488,0.9858960405967998,-0.04619303437569977,0.9624211125379756,1.020489352557118
2025-03-10,0.003350715249535724,-0.000985679890136558,0.002365035359399166,0.9882277195935029,-0.04393724717595704,0.9656459116362318,1.0194834767242038
2025-03-11,-0.010982916755631462,0.01923717907241467,0.008254262316783209,0.996384810419744,-0.03604565442284158,0.9550403029733152,1.0390954629273152
2025-03-12,-0.009627057605359118,0.01626736544057107,0.006640307835211953,1.0030011122832605,-0.029644700829118964,0.9458460749611515,1.0559988085503933
2025-03-13,-0.0023929396352024043,-8.235707574689907e-05,-0.0024752967109493034,1.0005183869289473,-0.03204661810960874,0.9435827223995763,1.0559118395765288
2025-03-14,0.010043583903689382,-0.013567778309563306,-0.0035241944058739243,0.9969923656267583,-0.03545787400321365,0.9530596746420681,1.0415854618227112
2025-03-17,0.010105828951808563,-0.009556354005581072,0.0005494749462274916,0.9975401879532504,-0.03492788227039734,0.9626911326948672,1.0316317024224666
2025-03-18,0.005580098868606865,-0.006139148265205972,-0.0005590493965991076,0.9969825137130918,-0.03546740525548864,0.9680630443952356,1.0252983624462082
2025-03-19,-0.0022742504766178253,0.008576539513627846,0.006302289037010021,1.0032657856793563,-0.02938864205779168,0.9658614265551236,1.034091874364986
2025-03-20,0.017088327487238108,-0.009709750497295151,0.007378576989942957,1.0106684595203672,-0.02222691142590183,0.9823663829193887,1.0240511002736217
2025-03-21,0.002320158837521344,0.0018674082813270273,0.004187567118848372,1.0149007015295117,-0.01813242099049428,0.9846456289644029,1.0259634217787748
2025-03-24,-0.0008222396263825964,0.0067437020979959255,0.005921462471613329,1.0209103979460328,-0.012318328969295633,0.983836014310324,1.0328822134586912
2025-03-25,0.007618247932023937,-0.00042099742000242075,0.007197250512021516,1.028258145830378,-0.0052097365567557175,0.9913311209917942,1.0324473727116588
2025-03-26,0.002484359539975641,-0.006470748446610889,-0.003986388906635248,1.0241591089646822,-0.009175357427374742,0.993793943919505,1.0257666654784774
2025-03-27,-0.006105175952874688,0.006002114396651825,-0.00010306155622286269,1.0240535575330925,-0.009277473356982258,0.9877266570309752,1.0319234343489512
2025-03-28,0.002337573657444926,0.007987379118917334,0.01032495277636226,1.0346268621550874,0.0,0.990035540845207,1.0401657980407915
2025-03-31,-0.016557197689461445,0.02237689372209267,0.005819696032631223,1.0406480760000252,0.0,0.97364332667584,1.063441477556906
2025-04-01,0.005303277828938624,-0.0010818799700545619,0.004221397858884062,1.0450410655599036,0.0,0.9788068277434939,1.062290961523012
2025-04-02,-0.0036781132997588334,0.00314465118313662,-0.0005334621166222134,1.0444835757411128,-0.0005334621166223075,0.9752066653324758,1.0656314960520006
2025-04-03,-0.010615963871983316,0.009584034356491477,-0.0010319295154918393,1.0434057423108591,-0.0015648411368105464,0.964853906605589,1.0758445449215224
2025-04-04,-0.0318170352114178,0.028787211331879708,-0.0030298238795380926,1.0402444066767584,-0.004589923823304698,0.934155115885245,1.1068151091964282
2025-04-07,-0.04102370022168765,0.033387395292841515,-0.007636304928846135,1.032300783186848,-0.012191178694236027,0.8958326164506129,1.1437687827632588
2025-04-08,0.030665361335267153,-0.02344287008377775,0.007222491251489403,1.0397565665623205,-0.0050567381242112575,0.9233036473299887,1.1169555597830592
2025-04-09,-0.029488989239953554,0.023458301463931144,-0.006030687776022409,1.033486119346314,-0.011056930291441502,0.8960763560086648,1.143157440026264
2025-04-10,0.06945915839667764,-0.05072836181938942,0.018730796577288225,1.052844137613241,0.0,0.9583170655561883,1.0851669357920848
2025-04-11,-0.0027863806140479334,0.009381733436463056,0.006595352822415123,1.0597880161678117,0.0,0.9556468294626113,1.0953476827177495
2025-04-14,0.014465079465516582,-0.013405820684711042,0.0010592587808055404,1.06091060592973,0.0,0.9694703367917569,1.0806636480958216
2025-04-15,-0.004925436763753673,0.004128512647781395,-0.0007969241159722779,1.0600651406829737,-0.0007969241159723195,0.9646952719535541,1.085125181634983
2025-04-16,-0.004153737943922566,0.005390867650723191,0.001237129706800625,1.0613765787596563,0.0,0.9606881805981179,1.0909749478736441
2025-04-17,0.01131593128997969,-0.014536520505726257,-0.003220589215746566,1.057958320796257,-0.0032205892157464167,0.9715592620408618,1.0751159681726452
2025-04-22,-0.01587170414786222,0.016248990622994473,0.00037728647513225397,1.0583574741619473,-0.002844517825367099,0.956138960871634,1.0925855174581143
2025-04-23,0.025432566433601554,-0.02834872817452388,-0.0029161617409223274,1.055271132587577,-0.005752384492235807,0.9804560285137565,1.0616121076162728
2025-04-24,0.0036832888321485847,-0.0182469351096287,-0.014563646277480117,1.0399025370857358,-0.020232255076718886,0.9840673312539939,1.0422409403770025
2025-04-28,0.0020281532630170226,-0.004171530541163715,-0.0021433772781466924,1.037673633616259,-0.022332266999048445,0.9860631706229053,1.0378932004629686
2025-04-29,0.014444079260025746,-0.01932808200799004,-0.004884002747964293,1.0326056327381872,-0.02710719889362112,1.000305945214775,1.017832715568885
2025-04-30,0.0037230113449742046,-0.0032349294489573393,0.0004880818960168653,1.0331096288532517,-0.026632347530635925,1.0040300955972548,1.0145400985431792
2025-05-01,0.0037855932134466066,-0.010975645291178372,-0.007190052077731766,1.0256815168197908,-0.03363091164267007,1.0078309451132437,1.003404866287892
2025-05-02,0.002915739110734378,-0.004237005998300139,-0.001321266887565761,1.0243263177944286,-0.034907743120283774,1.0107695172169187,0.9991534338507068
2025-05-05,-0.006267077168699079,0.007059029941487282,0.0007919527727882026,1.0251375358620458,-0.0341434356314515,1.0044349466527516,1.0062064878563988
2025-05-06,0.006073346780351866,-0.004837872010989741,0.0012354747693621247,1.0264040674227295,-0.03295014421535125,1.0105352284020779,1.0013385896515221
2025-05-07,0.009582514399755993,-0.01684832930428846,-0.007265814904532469,1.0189464054515767,-0.03997654947093732,1.0202186967797016,0.9844677073479815
2025-05-08,0.007088921291188479,-0.007445062533024039,-0.0003561412418355593,1.0185835166133752,-0.040318453414800115,1.0274509468209716,0.977138283705033
2025-05-09,0.008828766636817715,-0.005924527357570745,0.0029042392792469696,1.0215417268715172,-0.03753130857163889,1.0365220714612313,0.9713492012110928
2025-05-12,0.004614816045003336,0.002415921251464939,0.007030737296468275,1.0287239183905312,-0.030764444046130657,1.0413054301476106,0.9736959043888922
2025-05-13,0.01787281643712312,-0.005797795220378799,0.012075021216744319,1.0411457815312692,-0.019060904143964774,1.0599164909556185,0.9680506149283239
2025-05-14,0.002895104427742278,0.003182168309330671,0.006077272737072949,1.0474731084046878,-0.013099469719989876,1.0629850598816213,0.9711311149169769
2025-05-15,-0.008733056863319431,0.0020200614260959195,-0.006712995437223512,1.040441426207353,-0.01972452847675288,1.0537019509088161,0.9730928594219022
2025-05-16,0.007901231713824706,-0.00429287049313845,0.0036083612206862558,1.044195714702075,-0.01618734047971837,1.0620274941802559,0.9689154977986062
2025-05-19,-0.004876625652326294,0.010705614511436354,0.005828988859110059,1.050282319889804,-0.01045270744792326,1.0568483836586606,0.9792883336121946
2025-05-20,0.0030035120873250294,-0.004321190798357996,-0.0013176787110329665,1.0488983852363107,-0.011756612848879522,1.0600226405534494,0.9750566418760502
2025-05-21,0.013537984035247258,0.0036479900694663067,0.017185974104713564,1.0669247257234578,0.0,1.0743732101382626,0.9786136388227813
2025-05-22,0.0031150391305757577,0.007904429812736272,0.01101946894331203,1.0786816696034192,0.0,1.0777199247286855,0.9863490216446423
2025-05-23,0.000953114301569701,-0.0024064213773019373,-0.0014533070757322363,1.077114013900522,-0.001453307075732102,1.0787471150020311,0.9839754502734758
2025-05-26,0.005694839867100259,0.003785381616646454,0.009480221483746713,1.0873252933155462,0.0,1.084890407079064,0.9877001728541723
2025-05-27,0.0005119173613301926,-0.005870797309158786,-0.005358879947828593,1.0814984476044307,-0.0053588799478285765,1.0854457813135883,0.9819015853371245
2025-05-28,-0.00015444277842134515,-0.002387367647744407,-0.0025418104261657522,1.0787494835744278,-0.007887069117070267,1.0852781420512965,0.9795574252590217
2025-05-29,9.257874905262104e-05,-0.0007288554091422779,-0.0006362766600896568,1.0780631004559456,-0.008518327419164251,1.0853786157440617,0.9788434695310562
2025-05-30,0.005223550545362431,-0.0009447280537449687,0.004278822491617462,1.0826759410975593,-0.00427595333849895,1.0910481458042562,0.977918728645165
2025-06-02,-0.007871986556799486,0.001212761673402839,-0.006659224883396647,1.0754661585299474,-0.010906703687023622,1.0824594294676642,0.9791047109989687
2025-06-03,-0.006546801472488191,-0.00650226690153216,-0.01304906837402035,1.0614323270933452,-0.023813449738896764,1.0753727824809165,0.9727383108435059
2025-06-04,0.010098565954774315,-0.006827009819996,0.0032715561347783154,1.0649048625346995,-0.02061980064170199,1.086232505450769,0.966097416843091
2025-06-05,0.006903431941983778,-0.001006647087232738,0.00589678485475104,1.0711843773998448,-0.014844606315082887,1.093731237625319,0.9651248976924428
2025-06-06,-0.012243846974572356,0.002963883816270807,-0.00927996315830155,1.061243825841826,-0.02398681207368114,1.0803397597205249,0.9679854157573935
2025-06-10,-0.0007023012172072242,-0.01066053964195266,-0.011362840859159885,1.0491850811360193,-0.035077094604529235,1.0795810357922757,0.9576661688598798
2025-06-11,-0.0022536523671488795,-0.004616525799125013,-0.006870178166273893,1.0419769926992184,-0.041706286881314614,1.0771480354354335,0.953245078284389
2025-06-12,0.003979551296383184,-0.00029099674048391243,0.0036885545558992716,1.0458203816827814,-0.03817156823990109,1.081434601296247,0.9529676870737258
2025-06-13,0.002784221138838846,0.005100263595106298,0.007884484733945145,1.054066136516608,-0.030588046653014178,1.084445554373448,0.9578280734754205
2025-06-16,-0.003971111988211804,-0.0046999642655443565,-0.008671076253756162,1.0449262486703703,-0.03899389162178857,1.0801390996319125,0.9533263157575509
2025-06-17,0.0007088608149292422,-0.0057805520049778875,-0.005071691190048645,1.0396267054207382,-0.0438678178352333,1.0809047679143144,0.9478155634116004
2025-06-18,-0.005182089095437443,0.001933328998418922,-0.0032487600970185207,1.0362492076643726,-0.0469740619161253,1.0753034231032992,0.9496480027254969
2025-06-19,-0.0070513982916980515,0.010271996879916543,0.003220598588218491,1.0395865503996191,-0.04390474792539667,1.0677210303825715,0.9594027840465121
2025-06-20,-2.682051064712115e-05,0.0029586498127479256,0.0029318293021008044,1.0426344407101507,-0.04110163984976489,1.067692393559308,0.9622413209138811
2025-06-23,-0.007041493793459229,0.012685217647443148,0.005643723853983919,1.0485187815741717,-0.03568988230103898,1.0601742441967363,0.974447561499037
2025-06-24,0.0052500750973056105,-0.013046280939376122,-0.007796205842070512,1.0403443133237424,-0.04320784247421128,1.0657402385949986,0.9617346448510306
2025-06-25,-0.004583774609755303,-0.002255476274491411,-0.006839250884246714,1.033229137558922,-0.04975158408360991,1.0608551255487322,0.9595654751772126
2025-06-26,0.0013421304989854456,-0.003951192038659609,-0.002609061539674163,1.0305333791544462,-0.05223084067871375,1.0622789315677361,0.9557740477111198
2025-06-27,-0.0003648809205503291,-0.009724314922021566,-0.010089195842571895,1.0201361260698496,-0.06179306934065587,1.0618913262533045,0.9464797998768817
2025-06-30,0.005866544582369504,0.0014160406251730448,0.0072825852075425485,1.0275653543312457,-0.05496049742582221,1.068120959060401,0.947820053724413
2025-07-01,0.001475649054178573,-0.00664514751961948,-0.005169498465440907,1.02225335680889,-0.0598458776841605,1.0696971307433867,0.9415216496453606
2025-07-02,0.002300728396499918,-0.003506744082185092,-0.001206015685685174,1.0210205032258344,-0.06097971830263482,1.0721582133077425,0.9382199741722176
2025-07-03,-0.0031524890989652735,-0.011080425264119606,-0.01423291436308488,1.0064884058404673,-0.07434471355723327,1.0687782462279238,0.9278240978670982
2025-07-04,-0.0010054570926234735,-0.003154841650040539,-0.0041602987426640125,1.0023011133911433,-0.0781957160815614,1.0677036355598124,0.9248969597592358
2025-07-07,-0.002041049803797968,0.0030617184873822038,0.0010206686835842358,1.0033241307491032,-0.07725485931657206,1.0655243992639387,0.9277287338798543
2025-07-08,0.003068797848854063,0.003553897099849443,0.006622694948703506,1.0099688404017277,-0.07114379973442708,1.0687942782483015,0.9310257863366369
2025-07-09,-0.010974164392092025,-0.0001362529745696514,-0.011110417366661676,0.9987476650575413,-0.08146377979298902,1.0570651541374774,0.9308989313038475
2025-07-10,0.009288553112801405,-0.003777343417791522,0.0055112096950098825,1.004251972872075,-0.07640153407096639,1.0668837599653749,0.9273826063530577
2025-07-11,-0.0036782128688975,-0.0008013318112429828,-0.004479544680140483,0.9997533812894752,-0.08053883466560474,1.0629595343898526,0.9266394651693936
2025-07-14,0.005937120034451784,0.0008040707233900267,0.006741190757841811,1.0064929095435449,-0.0743405715556581,1.06927045273729,0.9273845488344741
2025-07-15,0.013249795906836176,-0.004223399386100877,0.009026396520735298,1.0155779136403935,-0.0659852025113622,1.0834380680052695,0.9234678335002472
2025-07-16,-0.005134064454382368,0.0032642659466575823,-0.001869798507724786,1.0136789875729904,-0.06773162198589944,1.077875627131799,0.9264822781019757
2025-07-17,0.007143916233728653,-0.012051522781850598,-0.0049076065481219455,1.0087042499358836,-0.0723068283824484,1.0855758803224063,0.9153167558204489
2025-07-18,0.009470554251512272,-0.016243928575527065,-0.006773374324014793,1.0018719184688432,-0.07859044149164673,1.0958568855911328,0.9004484158149184
2025-07-21,-0.00570399827479417,0.00674833212819413,0.0010443338533999598,1.0029182072300709,-0.0776281822968502,1.0896061198062996,0.9065249407891437
2025-07-22,0.0024175978351560984,-0.010026626673042495,-0.007609028837886397,0.9952869736692159,-0.08464653605700712,1.0922403492027162,0.8974355536380489
2025-07-23,0.005472957129708052,-0.005629160190881602,-0.00015620306117355032,0.9951315067971827,-0.08478951707013083,1.09821813380924,0.8923837451456279
2025-07-24,-0.005326445247589708,-0.005989951996425896,-0.011316397244015605,0.98387020335623,-0.09514640245685257,1.0923685350495949,0.8870384093498148
2025-07-25,-0.0023134180805628956,0.008318387606102848,0.0060049695255399525,0.9897783139444709,-0.08971278417853079,1.0898414299299732,0.8944171386602875
2025-07-28,-0.004598148703974521,-0.0023390233606256335,-0.006937172064600154,0.9829120514748282,-0.09602760322289017,1.084830176971403,0.8923250760788172
2025-07-29,-0.0006743731854080781,0.002052237601447019,0.001377864416038941,0.9842663710146512,-0.09478205182428956,1.084098596589332,0.8941563391526602
2025-07-30,0.004497776064715591,-0.0021271759571639664,0.0023706001075516243,0.986599672979638,-0.09263614205898651,1.0889746293088631,0.892254311286069
2025-07-31,-0.0012985208597653725,0.006124235530817839,0.004825714671052466,0.9913607214959914,-0.08825746297773784,1.0875605730369504,0.8977186868417725
2025-08-01,-0.005548349034493396,0.004537765462226115,-0.001010583572267281,0.9903588686366566,-0.08917885500778977,1.0815264073815878,0.901792323693718
2025-08-04,-0.002562189543796151,0.00017391957273724774,-0.0023882699710589036,0.9879936242901197,-0.09135414179738022,1.0787553317292553,0.9019491630293526
2025-08-05,0.01317921489052734,-0.01454705519774502,-0.0013678403072176805,0.9866422067875416,-0.09259702422721627,1.0929724800604173,0.8888284587692047
2025-08-06,0.010081648935157108,-0.013858189039910812,-0.003776540104753704,0.9829161129245657,-0.09602386795639495,1.1039914449001744,0.8765109059635285
2025-08-07,0.004349227463527907,-0.0029991550427751305,0.0013500724207527763,0.9842431208605386,-0.09480343471150432,1.1087929548118343,0.8738821138598606
2025-08-08,-0.002259784709402846,-0.0017888340559276683,-0.004048618765330515,0.9802582956917751,-0.09846823051204401,1.1062873214466569,0.872318883773722
2025-08-11,-0.002943635827777161,-0.012186648377686434,-0.015130284205463595,0.9654267090831952,-0.11210866240465134,1.103030814451431,0.8616882402639557
2025-08-12,0.0015359415279094205,-0.003299167808430457,-0.0017632262805210366,0.9637244433378227,-0.11367421574534642,1.1047250052859108,0.8588453861607739
2025-08-13,5.205295395280002e-05,-1.3470691824244991e-05,3.858226212855503e-05,0.9637616260069152,-0.11364001929160705,1.1047825094857413,0.8588338169192522
2025-08-14,0.004707036683671679,-0.0018496519528262351,0.0028573847308454433,0.9665154637612422,-0.1111073478166984,1.1099827612853694,0.8572452732726342
2025-08-15,0.008545950381111533,-0.010334279297614072,-0.0017883289165025393,0.9647870162091512,-0.11269698025026431,1.1194686188872034,0.8483862611920753
2025-08-18,-0.0007913463746726185,-0.003848870937192542,-0.004640217311865161,0.9603101947942748,-0.11681425908337728,1.1185827314540873,0.8451209319678596
2025-08-19,0.00010693165189627345,0.006498318405394894,0.0066052500572911675,0.9666532837634569,-0.11098059641758906,1.1187023433533443,0.8506127968748508
2025-08-20,-0.0032965715362811864,0.0006717767164340239,-0.0026247948198471626,0.9641160172316464,-0.11331408994285574,1.1150144610506747,0.8511842187464921
2025-08-21,0.012940081483715045,-0.006880872289638775,0.006059209194076269,0.9699577978674127,-0.10794147452437952,1.1294428390321911,0.8453273288423415
2025-08-22,0.0012585252745000975,0.015280365989089264,0.016538891263589362,0.9859998244166124,-0.09318781557078037,1.1308642713912163,0.8582442398076316
2025-08-25,0.011208641379467829,-0.009597275452471446,0.0016113659269963825,0.9875886309377017,-0.09172660931460608,1.1435397234580935,0.8500074334327008
2025-08-26,-0.005653350205289925,0.00213872140561718,-0.0035146287996727452,0.9841176234931786,-0.0949188531314854,1.1370748929277246,0.8518253625255171
2025-08-27,0.011197191807507409,-0.006991217207441757,0.004205974600065652,0.9882567972210677,-0.09111210481675824,1.1498069386033372,0.8458700663932934
2025-08-28,-0.006410552244277414,-0.005398813707819433,-0.011809365952096848,0.976586111048037,-0.10184549458040815,1.1424360411525878,0.8413033714838152
2025-08-29,0.010990773521622144,-0.00441973981525106,0.006571033706371084,0.9830032913009076,-0.09594369105176692,1.1549922969438344,0.8375850294761632
2025-09-01,-0.0018942730869443382,-0.008462656127727442,-0.010356929214671781,0.9728223957951146,-0.10530693824962123,1.1528044261201056,0.830496835393974
2025-09-02,-0.005244648930680166,0.0032291146737989285,-0.0020155342568812375,0.9708616389305282,-0.10711022276497317,1.1467583716193714,0.8331786049116882
2025-09-03,-0.014647567423991915,0.012817607953753314,-0.0018299594702386006,0.969085001480076,-0.10874417486870358,1.1299611510520495,0.8438579616249013
2025-09-04,0.005799079608581341,-0.0057136246055735605,8.545500300778056e-05,0.9691678146417924,-0.10866801259948622,1.1365138857216046,0.8390364740117522
2025-09-05,0.009256964981513667,-0.011348999385017072,-0.0020920344035034056,0.9671402822307935,-0.11053270978207119,1.1470345549627337,0.8295142495841858
2025-09-08,-0.002083832829278617,0.0034134442059486586,0.0013296113766700416,0.9684262029528835,-0.10935006395382152,1.1446443267007853,0.8323457501931808
2025-09-09,-0.0033838302250406983,0.0015188993586534466,-0.0018649308663872518,0.9666201550351784,-0.11101106451069986,1.1407710446311738,0.8336099996193271
2025-09-10,0.00077927803661278,-0.00033654633589051133,0.00044273170072226865,0.9670481084203696,-0.11061748092736734,1.1416600224510587,0.8333294512283935
2025-09-11,-0.004546117517604924,-0.003657652732384755,-0.008203770249989679,0.9591146679182018,-0.11791377077819631,1.1364699018238447,0.8302814214841313
2025-09-12,0.005110558833891883,-0.00753743676222554,-0.0024268779283336574,0.95678701369989,-0.1200544863787818,1.1422778981200625,0.8240232277748439
2025-09-15,0.004430972415184453,-0.001900113328945473,0.00253085908623898,0.9592085068071079,-0.11782746828023827,1.1473392999771075,0.8224574902563883
2025-09-16,0.007133494184190947,-0.008514775928011614,-0.0013812817438206672,0.9578835696081377,-0.11904599709320285,1.155523838200788,0.8154544490165403
2025-09-17,-0.004414753854949351,0.010506552288315698,0.006091798433366347,0.9637188032368239,-0.11367940287842748,1.1504224848816051,0.8240220638238722
2025-09-18,0.001685047832911011,-0.0011498938916841184,0.0005351539412268927,0.9642345411526105,-0.11320508491768733,1.1523610017966868,0.8230745258860682
2025-09-19,0.0027372943823704846,0.0027362643972784224,0.005473558779648907,0.969512335590977,-0.10835116082449059,1.1555153530933677,0.825326675407557
2025-09-22,-0.0034933416217606855,-0.011372453379516681,-0.014865795001277366,0.955099763958872,-0.12160622968080059,1.151478743215823,0.815940686268613
2025-09-23,-0.0008409828241702036,-0.006944931250964624,-0.007785914075134828,0.9476634392635066,-0.1284453281006397,1.1505103693703815,0.8102740342976126
2025-09-24,-0.002015850267637028,0.0053351978720483015,0.0033193476044112735,0.9508090636304142,-0.12555233518835696,1.1481911127343671,0.8145970066011733
2025-09-25,-0.0017704156778735134,0.0070883745026041715,0.005317958824730658,0.9558654270809815,-0.12090205851250668,1.1461583371871873,0.8203711752526628
2025-09-26,0.00030848129078918666,-0.0010419392228898938,-0.0007334579321007071,0.9551643400014682,-0.12154683987078407,1.1465119055904915,0.8195163983478387
2025-09-29,0.0036780994126162925,-0.00539571940051384,-0.0017176199878975477,0.9535237306393547,-0.12305568857705373,1.1507288903570014,0.815094517818234
2025-09-30,0.002535566983333369,-0.002415657196627853,0.00011990978670551591,0.9536380674665142,-0.12295053437171843,1.1536466405381585,0.8131255288803345
2025-10-01,0.004837636927696889,-0.001901793465948653,0.002935843461748236,0.9564377995517599,-0.12037565443242404,1.1592275641279393,0.8115791320625139
2025-10-02,0.0110144559729233,-0.013819412882425766,-0.0028049569095024655,0.9537550327373979,-0.12284296281829032,1.1719958250956255,0.8003635849497813
2025-10-03,0.017636404906335994,-0.004805911215150647,0.012830493691185347,0.9659921806678714,-0.11158860498655154,1.1926656180155473,0.796517108620673
2025-10-06,-0.002204781804710213,0.003542546126192773,0.0013377643214825602,0.967284450542,-0.11040011991950405,1.1900360505618433,0.7993388072182636
2025-10-07,0.0024628800291765763,0.0002235089719717208,0.002686389001148297,0.9698829528509179,-0.10801030858623284,1.1929669665847722,0.799517466613322
2025-10-08,0.0018990392635608463,6.107196521404297e-05,0.0019601112287748893,0.9717840313173982,-0.10626190957614134,1.195232457694448,0.7995662947162311
2025-10-09,0.006014308999124166,-0.0023200031705955734,0.0036943058285285922,0.9753740987283651,-0.10296016773951044,1.2024209550208051,0.7977112983773881
2025-10-10,-0.0024171228541090507,0.002262407388878261,-0.0001547154652307898,0.9752231932709062,-0.10309895367448929,1.1995145558501648,0.7995160463130286
2025-10-13,-0.010166708911388024,0.010196577234336273,2.9868322948248607e-05,0.9752523215521894,-0.10307216474438496,1.1873194405258631,0.8076683734293506
2025-10-14,0.009196855246262228,-0.004288684609994855,0.004908170636267373,0.9800390263597836,-0.09866988988053249,1.1982390455514527,0.8042045385062445
2025-10-15,0.004664517924591013,-0.010737819570938487,-0.0060733016463474735,0.974086953727508,-0.10414393952222356,1.2038282530573723,0.7955691352736346
2025-10-16,-0.0004258397662579667,-0.006448310681400125,-0.006874150447658092,0.9673909334584841,-0.11030218886139398,1.2033156151154756,0.7904390583208574
2025-10-17,-0.007381442833379427,0.015531268213022932,0.008149825379643504,0.9752750006400212,-0.10305130705996335,1.194433409691988,0.8027155793416878
2025-10-20,0.00023633575055882224,0.008058472226865255,0.008294807977424077,0.9833647194955123,-0.0956112898864242,1.1947156970083601,0.8091842405438848
2025-10-21,0.005887073029100035,-0.008472271087336601,-0.002585198058236566,0.9808225269321342,-0.09794931382370076,1.2017490755656606,0.8023286122983965
2025-10-22,-0.020218011423046515,0.0031096610712057914,-0.017108350351840725,0.9640422715084015,-0.11338191299792333,1.1774520990282384,0.8048235823503753
2025-10-23,0.00866748866887435,-0.0020937353326588226,0.006573753336215527,0.9703796476069827,-0.10755350439054434,1.1876576517547082,0.8031384947794513
2025-10-24,0.00038369607142939245,-0.005307297391679735,-0.004923601320250343,0.9656018850928808,-0.11194755513457988,1.1881133513298896,0.7988759999409507
2025-10-27,0.00014782806735944915,-0.0008978716848088797,-0.0007500436174494305,0.9648776415619698,-0.11261363320281159,1.1882889878304206,0.7981587118009303
2025-10-28,-0.02072967836578722,0.002000470588444763,-0.01872920777734246,0.9468062477334435,-0.12923367684533715,1.1636561393070892,0.799755404828799
2025-10-29,0.011669869457593506,0.005523357774969927,0.017193227232563432,0.9630849026959353,-0.11426239358487533,1.1772358545463302,0.8041727400621344
2025-10-30,0.006306411486811729,0.005188853289312395,0.011495264776124125,0.9741558186543128,-0.10408060527696306,1.1846599882621276,0.808345474429581
2025-10-31,0.012499331058920739,0.002166135067219747,0.014665466126140485,0.9884422678143703,-0.09094152974190006,1.199467445647673,0.8100964599081714
2025-11-03,-0.0058668547244308394,0.001371952914131043,-0.004494901810299797,0.9839993168753947,-0.0950276583055315,1.192430344397374,0.8112078741070695
2025-11-04,-0.010809176989253792,0.007794110649325006,-0.003015066339928786,0.9810324936565707,-0.097756209951541,1.179541153757426,0.8175305180374638
2025-11-05,-0.014221535964556758,0.0057682078298508434,-0.008453328134705914,0.9727395040768829,-0.10538317276632136,1.16276626681759,0.8222462039727495
2025-11-06,0.0060321892603549965,-0.0022704758281449464,0.00376171343221005,0.9763986713354104,-0.10201788063063522,1.1697802930045902,0.8203793138418454
2025-11-07,-0.006655145890625549,0.0067770870609618,0.00012194117033625072,0.9765177345321077,-0.10190837964005839,1.161995234494666,0.8259390958747637
2025-11-10,0.021552583796898485,-0.010259669719968185,0.0112929140769303,0.9875454654027773,-0.09176630813812248,1.187039234157709,0.8174652335422795
2025-11-11,0.00836609042285924,-0.005248313768240726,0.003117776654618514,0.9906244116001844,-0.08893463833669757,1.196970111726154,0.8131749195020215
2025-11-12,-0.0005100603658891155,-0.000642136564302221,-0.0011521969301913366,0.9894830171941661,-0.08998436504960972,1.1963595847130086,0.8126527501530357
2025-11-13,-0.0022980075418851066,0.0029334205466697585,0.0006354130047846519,0.9901117475713049,-0.08940612928060476,1.1936103413645316,0.8150366024276423
2025-11-14,-0.02083628996077561,0.011867638011219964,-0.008968651949555645,0.9812317799161716,-0.09757292877448576,1.1687399301916799,0.8247091617911482
2025-11-17,0.005499477734619781,-0.0040510756070087596,0.0014484021276110213,0.9826529981138818,-0.09626585148450884,1.17516738941533,0.8213682026229394
2025-11-18,-0.03117332157916371,0.01650860440338638,-0.014664717175777331,0.9682426698146122,-0.10951885717458043,1.1385335184757397,0.8349278453495621
2025-11-19,0.0036891088872438196,0.00011928705024793682,0.0038083959374917565,0.9719301212648402,-0.10228898198333547,1.1427336925971734,0.8350274414294038
2025-11-20,0.016813083256242832,-0.011206791309141423,0.005606291947101409,0.9773790452768326,-0.0972561519322045,1.1619465693105233,0.8256694631558982
2025-11-21,-0.03156352719375442,0.011560920687662714,-0.02000260650609171,0.9578289168268604,-0.11531338190089968,1.1252714371724009,0.8352149623336687
2025-11-24,0.018731838125498293,-0.016636210828755573,0.00209562729674272,0.9598361692505724,-0.11345940847494818,1.1463498395807612,0.8213201501329546
2025-11-25,0.01615516938879869,-0.005771006562256803,0.01038416282654189,0.9698032643188746,-0.09824846032859202,1.1648693154180105,0.8165803061568235
2025-11-26,0.010593706131390919,-0.008168745769966502,0.0024249603614244167,0.9721549987932279,-0.09244849037753655,1.1772095986270235,0.809909869235067
2025-11-27,0.004354188793180435,-0.006258755797562047,-0.0019045670043816125,0.9703034644593816,-0.09417698303754019,1.1823353914685897,0.8048408411454893
2025-11-28,0.0075641631045586365,-0.008776090748869462,-0.001211927644310825,0.9691275268674328,-0.09527477499265002,1.1912787692139504,0.7977774848852001
2025-12-01,-0.005975683118838048,0.008811445040901408,0.0028357619220633606,0.9718757418057469,-0.08421069867255848,1.1841600647829285,0.8048070573481345
2025-12-02,-0.0016601130411926044,0.0026987454679984276,0.0010386324268058232,0.9728851634660124,-0.07701696339365938,1.1821942252165227,0.806979026746766
2025-12-03,-0.0006501828614144227,0.0015598898185213656,0.0009097069571069429,0.9737702038676835,-0.07617731930396687,1.1814255827924238,0.8082378251143486
2025-12-04,-0.010604978107620094,0.0007289904420664033,-0.009875987665553691,0.9641532613452026,-0.08530098070367964,1.168896590351128,0.8088270227637735
2025-12-05,0.009227846938491543,0.0024721244620413154,0.011699971400532859,0.975433826928672,-0.07459902833781729,1.1796829891738128,0.8108265438323079
2025-12-08,-0.0045074336632820716,-0.0027763081659218894,-0.0072837418292039605,0.9683290187618511,-0.07647909052418633,1.1743656463564094,0.8085754394775201
2025-12-09,-0.007216201486363636,0.004687248880948231,-0.0025289526054154054,0.9658801605669539,-0.07881463113436082,1.165891187233638,0.8123654338013733
2025-12-10,0.00949209216175262,0.007435810163257213,0.016927902325009833,0.982230485582696,-0.06322089518697527,1.1769579338334348,0.8184060289503123
2025-12-11,-0.0034971863290718156,8.51482619165561e-07,-0.00349633484645265,0.9787962789087051,-0.06649618861456175,1.1728418926373398,0.8184067258088213
2025-12-12,0.01737118631361674,-0.002913845198082639,0.014457341115534102,0.9929470705955038,-0.05300020558071117,1.193215547670758,0.8160220153007447
2025-12-15,-0.009971712901258754,-0.00020842377753215444,-0.010180136678790908,0.9828387337020366,-0.06264079292268632,1.181317144800067,0.8158519369097663
2025-12-16,-0.004413886647827379,0.004371601575269336,-4.228507255804332e-05,0.9827971742948691,-0.05531547420586069,1.1761029448277844,0.8194185165223475
2025-12-17,0.014413744455264473,0.005736997821008554,0.020150742276273028,1.0026012668639344,-0.029642863893045268,1.1930549921276161,0.8241195187661302
2025-12-18,-0.003625602697145411,-0.0035581092139446964,-0.007183711911090108,0.9953988682010899,-0.034093520563287516,1.1887294487303155,0.8211872115130168
2025-12-19,0.009180466790961126,-0.009125550760244443,5.491603071668301e-05,0.9954535315559113,-0.03125039457585965,1.1996425399578217,0.8136934259306912
2025-12-22,0.02078730038706819,-0.004223282334996191,0.016564018052072,1.0119422418226023,-0.015204008623676546,1.2245798697930304,0.8102569688588556
2025-12-23,0.004675011041914408,-0.007236496770595788,-0.0025614857286813796,1.0093501662119237,-0.012622302006662478,1.230304794206019,0.8043935469203557
2025-12-24,0.002019341869485964,0.0030447492551000906,0.005064091124586055,1.014461607430237,-0.006423862963451765,1.2327892001891887,0.8068427235731487
2025-12-29,-0.00455346101717359,0.006043544303950208,0.0014900832867766186,1.0159732397165453,0.0,1.2271757426237346,0.8117189133193828
2025-12-30,-0.0020722585950023746,0.0007185315604041572,-0.0013537270345982174,1.0145978892755128,-0.001353727034598129,1.224632717143504,0.8123021589767797
2025-12-31,-0.0021687986935316943,-0.0011091823892901021,-0.0032779810828217964,1.0112720565877966,-0.004627270625809254,1.221976735306507,0.8114011677272603
2026-01-02,0.004801483074169776,-0.007454075710118816,-0.0026525926359490404,1.0085895637775508,-0.00726758899777169,1.2278440359181104,0.8053529219917426
2026-01-05,0.006998038161690189,0.007151069281650725,0.014149107443340914,1.0228602058816716,0.0,1.2364365353380689,0.8111120565330854
2026-01-06,-0.0037748943504297017,0.0016592894766587745,-0.0021156048737709272,1.020696237844922,-0.0021156048737709376,1.2317691180461563,0.8124579262328817
2026-01-07,0.007866419748894713,-0.01071110201807914,-0.0028446822691844276,1.0177926813549014,-0.00495426891928219,1.2414587309624332,0.8037556064996043
2026-01-08,0.0013653044233135285,-0.007468897172062403,-0.006103592748748874,1.011580489325254,-0.011027622828179928,1.2431537000591775,0.7977524385231901
2026-01-09,0.0022959994397021045,-0.00042015069774309826,0.0018758487419590062,1.013478061313545,-0.009172460238630054,1.2460079802579769,0.7974172622795183
2026-01-12,0.0076364240637944525,-0.007890144837317675,-0.0002537207735232227,1.0132209208758798,-0.009423853768446344,1.2555230255820988,0.7911255245843556
2026-01-13,-0.001052362586527846,0.0015210968592411494,0.0004687342727133033,1.0136958522473243,-0.008959536778975541,1.254201760123452,0.7923289031350664
2026-01-14,0.0020917974063805645,-0.005790470106070581,-0.0036986726996900165,1.0099465230728282,-0.01262507108457922,1.2568252961123563,0.7877409463072871
2026-01-15,-0.0034425575444906563,0.00344720966162775,4.652117137093816e-06,1.0099512214623556,-0.012620477700751698,1.252498602707118,0.7904564545082574
2026-01-16,0.005840081575499706,-0.011695580562502366,-0.005855498987002661,1.0040374531081606,-0.0184020774933622,1.2598132967201272,0.7812116073634061
2026-01-19,-0.002506375574525311,0.00013179744156732444,-0.0023745781329579867,1.0016532877273392,-0.020732958455503492,1.2566557314447657,0.7813145690545793
2026-01-20,-0.0027490746162406984,0.003274882754010973,0.0005258081377702744,1.0021799651772507,-0.020218051876009002,1.2532010910720974,0.7838732826622337
2026-01-21,0.004384093529027177,0.006836745400423264,0.01122083892945044,1.0134252651448268,-0.009224076450126684,1.2586952418660364,0.7892324247219893
2026-01-22,-0.0030382606618074696,-0.01227311454907375,-0.015311375210881219,0.9979083306620076,-0.02439421836550615,1.2548709976274706,0.7795460847675331
2026-01-23,0.009040901726598896,-0.002915421363621099,0.006125480362977797,1.0040209985455297,-0.018418164308096285,1.2662161629965796,0.7772733794580746
2026-01-27,0.003526443573764008,-0.0017852682108003652,0.0017411753629636426,1.0057691751720954,-0.01670905819905688,1.270681402847575,0.7758857380026267
2026-01-28,-0.005377226767023202,0.00847469920270983,0.0030974724356866287,1.0088845174688543,-0.013663341610568036,1.2638486607958244,0.7824611362478715
2026-01-29,-0.007591714676111459,0.005722320285340564,-0.0018693943907708947,1.0069985144109623,-0.015507193827173138,1.254253882369277,0.7869386294803132
2026-01-30,-0.011734635364543129,0.015659974706248997,0.003925339341705868,1.010951325296619,-0.011642725483476668,1.239535670405111,0.7992620685133451
2026-02-02,-0.011361474684713763,0.01212994926340214,0.0007684745786883766,1.0117282156904008,-0.010883198043348807,1.2254527172650038,0.8089570768525739
2026-02-03,-0.0005682363805045462,-0.007457781889072697,-0.008026018269577244,1.003608066547423,-0.01882186756659865,1.2247563704484656,0.8029240514157856
2026-02-04,-0.009017077307135512,0.01001108683709626,0.0009940095299607477,1.0046056625299167,-0.01784656715237065,1.2137126475737252,0.8109621938181021
2026-02-05,-0.005962185816657289,0.00992984459016564,0.003967658773508352,1.0085915950007696,-0.013949717467601541,1.2064762672408635,0.8190149223712156
2026-02-06,-0.03482039953375443,0.02869549526405415,-0.00612490426970028,1.0024140680341656,-0.019989181053223337,1.164466281587544,0.8425169611973086
2026-02-09,0.023891659402332722,-0.019935911119974337,0.003955748282358385,1.0063793657620037,-0.01611250493948191,1.1922873133727343,0.8257206179418081
2026-02-10,0.009515907016445342,-0.007346098129468696,0.0021698088869766463,1.008563016653504,-0.01397765710891441,1.2036330085836768,0.819654793254882
2026-02-11,0.01437613992178698,-0.008621043312280847,0.0057550966095061325,1.0143673942511198,-0.00830300326644473,1.2209366051295572,0.8125885137811131
2026-02-12,-0.015214555403603816,0.01702597185018509,0.0018114164465812734,1.016204836031942,-0.00650662701653637,1.2023605975065255,0.826423622942534
2026-02-13,-0.026176210886019305,0.021959958112510943,-0.004216252773508362,1.0119202595735697,-0.010695446205840065,1.1708873529451544,0.8445718510855416
2026-02-16,0.011838209913891657,-0.004381654682487304,0.007456555231404353,1.019465698878857,-0.0033186421597940496,1.18474856321484,0.8408712288795356
2026-02-17,-0.0027357155044416973,0.0013356325569975666,-0.0014000829474441307,1.0180383623383527,-0.004714078732941496,1.181507428201588,0.8419943238690696
2026-02-18,0.01559932722697059,-0.013684303423777166,0.0019150238031934233,1.0199879300347947,-0.002808082502731679,1.199938149195201,0.8304722180601471
2026-02-19,0.0096467304173925,-0.004028498265917703,0.005618232151474797,1.0257184590174324,0.0,1.211513629038032,0.827126662169799
2026-02-20,-0.007254749220393687,0.00965934878217861,0.0024045995617849227,1.0281849011745006,0.0,1.202724401482272,0.8351161670867363
2026-02-23,-0.005318391285723152,0.004138510478709063,-0.0011798808070140896,1.026971765543543,-0.0011798808070141442,1.196327842506302,0.8385723040951641
2026-02-24,-0.010193108049407793,0.004340228747380758,-0.005852879302027035,1.0209610237532272,-0.0070258544090868735,1.1841335435451203,0.8422118997161554
2026-02-25,0.014513833437729454,-0.011552198134199939,0.0029616353035295147,1.0239847379647025,-0.004085027124012597,1.2013198605641626,0.8324825009796535
2026-02-26,0.009851141985160412,-0.010677089535626579,-0.0008259475504661662,1.0231389802786657,-0.004907600656332223,1.2131542330801732,0.8235940107798514
2026-02-27,-0.00010869460894662685,-0.0051053848104814885,-0.0052140794194281154,1.0178042523783801,-0.01009609145617929,1.2130223697552167,0.8193892464272124
2026-03-02,-0.002965932494305405,-0.004992754559452241,-0.007958687053757647,1.0097038668517169,-0.017974426877571115,1.2094246272924403,0.8152982370311468
2026-03-03,-0.02040676733754517,0.013542497112049039,-0.006864270225496133,1.0027729866619182,-0.024715315779831326,1.1847441803109862,0.8263394110515998
2026-03-04,-0.0221074607394855,0.012372009839948392,-0.009735450899537108,0.9930105394868889,-0.03421015193612731,1.1585524948584272,0.8365628903762674
2026-03-05,0.015175649933085771,-0.010184266492300899,0.004991383440784872,0.9979670358502086,-0.029389524481223117,1.1761342819495018,0.828043110963106
2026-03-06,-0.0025994350370277214,-0.002338675543131366,-0.004938110580159087,0.9930389642718267,-0.03418250633959563,1.1730769972887527,0.8261065867908381
2026-03-09,-0.034341406192532634,0.025340412512235573,-0.00900099368029706,0.9841006268301272,-0.04287582349635333,1.132791883629743,0.847040468479193
2026-03-10,0.01343911666545528,-0.003853736062054265,0.009585380603401016,0.9935336058903395,-0.0337014239798491,1.148015605911524,0.8437761980797954
2026-03-11,0.002683008301253103,0.0034743569925866843,0.006157365293839787,0.9996511552335121,-0.027751570664375835,1.1510957413121528,0.846707777813772
2026-03-12,-0.02305590273057973,0.011578833083267516,-0.011477069647312212,0.988178089301881,-0.03891013360235074,1.1245561898668752,0.8565116658433821
2026-03-13,0.0013366692540680925,0.00031525091231488205,0.0016519201663829745,0.9898104806155765,-0.037322489870342146,1.1260593495503424,0.8567816819274476
2026-03-16,-0.004908012437136753,0.005095329842594578,0.0001873174054578255,0.9899958893467005,-0.037142163616851964,1.1205326362577952,0.861147267199961
2026-03-17,0.002351762751855162,-0.0009862082185871086,0.0013655545332680536,0.9913477827213145,-0.035827328733486374,1.1231678631739843,0.8602979966876346
2026-03-18,0.009258297077431272,-0.006401929766351431,0.002856367311079841,0.994179436121791,-0.033073297433044324,1.1335664849190727,0.8547904293347075
2026-03-19,-0.03093301493272114,0.01800347239108037,-0.012929542541640773,0.9813251508084299,-0.045575217368532206,1.0985018559138389,0.8701796252293947
2026-03-20,-0.01040557958964421,0.004932865897360763,-0.005472713692283447,0.9759546392190185,-0.05079851094469412,1.0870713074227556,0.8744721046272671
2026-03-23,-0.0156492112995007,0.005643077260245786,-0.010006134039254915,0.9661891062827603,-0.06029634827444186,1.0700594988352725,0.8794068182756085
2026-03-24,0.007592140947479587,-0.001585529211312791,0.006006611736166796,0.9719926291079148,-0.054651913291468346,1.0781835413726193,0.8780124930766049
2026-03-25,0.043633167491016055,-0.018988956931874128,0.024644210559141927,0.9959466201215843,-0.03135455599094128,1.1252281044193875,0.8613399516599258
2026-03-26,-0.008454385500852634,0.00497108833479325,-0.003483297166059384,0.9924774420821684,-0.034728635920974305,1.1157149922482323,0.8656217486459139
2026-03-27,-0.00891356505034499,-0.0012592873603485258,-0.010172852410693517,0.9823811155429238,-0.04454819904401908,1.1057699940871826,0.8645316821190013
2026-03-30,-0.003832494011073669,0.005759073348317104,0.0019265793372434353,0.984273750701427,-0.04270744534656523,1.1015321372072184,0.8695105834882686
2026-03-31,0.004451787386026831,-0.009733811257571539,-0.005282023871544708,0.9790747932540872,-0.04776388747229676,1.1064359240809407,0.8610469315821329
2026-04-01,0.02663830000144929,-0.02090345312924921,0.005734846872200078,0.9846896372698303,-0.042302959180771316,1.1359094961589895,0.8430480774057219
2026-04-02,-0.01942322839229664,0.021908439199465224,0.0024852108071685836,0.9871367985980802,-0.03992288014493395,1.1138464665821148,0.8615179449517912
2026-04-07,0.02067763791091309,-0.009353499254964709,0.011324138655948382,0.9983152725777938,-0.029050833719291624,1.1368781805064496,0.8534597374955459
2026-04-08,0.03326713116277194,-0.030752401304755008,0.002514729858016932,1.0008257658014597,-0.026609158860228743,1.1746988560534513,0.827213801150632
2026-04-09,-0.004402080837600494,0.008622145421356845,0.0042200645837563505,1.0050493151702293,-0.022501386645381927,1.1695277367292671,0.8343461588387061
2026-04-10,-0.0030185552225224215,-0.0013414953475710124,-0.004360050570093434,1.0006672493306492,-0.026763330031804422,1.1659974526716783,0.8332268873483603
2026-04-13,-0.011829994874983584,0.005193784044586342,-0.0066362108303972414,0.9940266104930173,-0.03322193376158711,1.1522037087823285,0.8375544878613905
2026-04-14,0.009870590380447637,-0.003175204260103836,0.006695386120343801,1.0006820024641647,-0.026748981315441567,1.1635766396265514,0.8348950812834639
2026-04-15,0.009716741101282582,-0.0013449635807082157,0.008371777520574367,1.0090594895576375,-0.018601140315342213,1.174882812585303,0.8337721778054252
2026-04-16,0.009494437989243112,-0.01274949226797792,-0.003255054278734808,1.005774946148655,-0.02179564687270419,1.1860376645940218,0.8231420058712399
2026-04-17,0.0015856812050597023,-0.0006941108082222514,0.0008915703968374509,1.006671665316522,-0.020923508829398196,1.1879183422272614,0.8225706541082629
2026-04-20,0.0049566023619621235,0.0005022041713890792,0.005458806533351203,1.0121668911800914,-0.015578919682745496,1.1938063810881632,0.8229837525220184
2026-04-21,0.0008473237706185837,-0.004636752629879484,-0.0037894288592609,1.0083313567522652,-0.019309313334164524,1.1948179216123753,0.8191677804431639
2026-04-22,-0.007703283140025779,0.013700060990142544,0.005996777850116765,1.0143780958980155,-0.013428329146550788,1.1856139008614182,0.8303904289963949
2026-04-23,-0.00220879193389136,0.0062902100398747945,0.0040814181059834346,1.0185181970249266,-0.009401717666279286,1.182995126440486,0.8356137592098839
2026-04-24,-0.00249453810790188,0.005224161606879053,0.002729623498977173,1.0212983682296617,-0.0066977573167747995,1.1800441000161181,0.8399791405289281
2026-04-27,-0.002936260229747136,0.0013210669253093067,-0.0016151933044378291,1.0196487739434639,-0.008302132448439803,1.176579183455893,0.8410888091894305
2026-04-28,-0.006948274817255644,0.006736469174787697,-0.00021180564246794757,1.019432806579807,-0.00851217965241069,1.168403987944979,0.846754778025794
2026-04-29,0.0005691664766206011,-0.0036600601712683794,-0.0030908936946477785,1.0162818481458324,-0.011576763104643173,1.169069004326067,0.8436556045879106
2026-04-30,-0.008042864826425933,0.0010094700464613655,-0.007033394779964568,1.0091339367001109,-0.018528733939418562,1.1596663403515082,0.8445072496502712
2026-05-01,0.008155135732533198,-0.011107959829098506,-0.0029528240965653076,1.006154141695161,-0.02142684594392874,1.1691235767615247,0.8351264970457736
2026-05-04,-0.003595313106847342,0.00336014952490881,-0.0002351635819385317,1.0059175308832176,-0.021656970712025547,1.1649202114424697,0.8379326469480606
2026-05-05,-0.006675355683733737,0.0037830298163139047,-0.0028923258674198324,1.003008089588153,-0.02448665756284496,1.1571439546879208,0.841102571135528
2026-05-06,0.0002583578909916784,-0.006996033991184919,-0.006737676100193241,0.9962501459546345,-0.031059350495603377,1.1574429119596277,0.8352181889577909
2026-05-07,0.005998522280902154,-0.011676490576662809,-0.005677968295760655,0.9905934692112571,-0.03656096478396309,1.16438585905589,0.8254657716449679
2026-05-08,-0.012602549867564997,0.010722223022696013,-0.0018803268448689837,0.9887308297187474,-0.03837254506527432,1.1497116282020505,0.8343165997461471
2026-05-11,0.0010104886298385705,-7.013269503625867e-05,0.0009403559348023119,0.9896605886223954,-0.03746827298095767,1.1508733987299418,0.8342580868744934
2026-05-12,-0.008491777140313796,0.012130003242729734,0.003638226102415938,0.9932611976084537,-0.03396636492731353,1.1411004383112116,0.8443776401735547
2026-05-13,0.0019090751187965543,-0.00701872404703734,-0.005109648928240786,0.9881859815946304,-0.03890245765540723,1.1432788847660391,0.838451186525688
2026-05-14,-0.004833392534765908,0.0004154188145855272,-0.004417973720180381,0.9838202018972947,-0.043148561340015656,1.1377529691392554,0.8387994949236822
2026-05-15,0.00928619137922302,-0.0028504854257896403,0.00643570595343338,0.9901517794277532,-0.03699054683968017,1.1483183609529617,0.8364085091882425
2026-05-18,-0.01592320715701847,0.020714177119100247,0.004790969962081778,0.9948955668608935,-0.03237679747638822,1.1300334498092999,0.8537340231914903
2026-05-19,0.009509707599588762,-0.011544622491960244,-0.0020349148923714828,0.9928710390555339,-0.03434582834140776,1.1407797374947408,0.8438779861852022
2026-05-20,-0.014188016524248228,0.016730761045579454,0.002542744521331226,0.9953956564504809,-0.031890416486922146,1.1245943357286379,0.8579967071236915
2026-05-21,0.0071359100024886045,-0.02264811267990516,-0.015512202677416556,0.9799548772834009,-0.04690792856032633,1.1326193396977058,0.8385647010217665
2026-05-22,0.0037764858556601664,-0.004109172376702903,-0.0003326865210427363,0.9796288595044986,-0.04722500944580699,1.1368966606139213,0.8351188941162497
2026-05-25,0.00010970209559969606,-0.017228672317333483,-0.01711897022173379,0.9628586222302901,-0.06353553613711693,1.137021380560071,0.8207309043435069
2026-05-26,-0.0037880674221957428,0.002270064502760609,-0.0015180029194351336,0.9613970000307411,-0.06495709192720811,1.1327142669100314,0.8225940164357758
2026-05-27,0.008986407469412093,-0.01093762544721847,-0.0019512179778063774,0.959521104920472,-0.06678156445946015,1.1428932988589013,0.8135967911888782
2026-05-28,-0.00975611290634002,0.015803315654359038,0.006047202748019018,0.9653235235829293,-0.0611382033715574,1.1317431027953344,0.8264543180954097
2026-05-29,0.013575156050843085,-0.02747881437103339,-0.013903658320190304,0.95190199514259,-0.07419181700175936,1.1471066920252464,0.803744333302327
2026-06-01,0.006957919637926189,-0.00012075830799246494,0.006837161329933724,0.9584103026536656,-0.06786191709402767,1.1550881682044853,0.8036472744965788
2026-06-02,-0.0005439592204816047,0.004110230652295476,0.0035662714318138713,0.9618282539359754,-0.06453765967845437,1.1544598473449215,0.8069504501578484
2026-06-03,-0.0018104906318060798,-0.0015916670961452033,-0.003402157727951283,0.9585559625088852,-0.0677202501087868,1.1523697086065072,0.8056660536781126
2026-06-04,-0.0034950103227896464,0.011803672930168214,0.008308662607378569,0.9665202805916625,-0.05997425221124941,1.1483421645792573,0.8151758722666684
2026-06-05,0.00257783594566,0.006271878280406949,0.00884971422606695,0.9750737088685967,-0.05165529297817417,1.1513024022890268,0.8202885561146496
2026-06-09,0.006239620617525876,0.009786516366658154,0.01602613698418403,0.9907003736966012,-0.03645699079521647,1.1584860924953566,0.828316323494448
2026-06-10,0.010515712213184529,0.00697302943889723,0.01748874165208176,1.008026476586802,-0.019605836036564628,1.1706683988470143,0.8340921976028939
2026-06-11,0.005292645403509787,0.006127274002596091,0.011419919406105879,1.0195380577086441,-0.008409813697885515,1.1768643315672063,0.8392029090410343
2026-06-12,0.01324507617468298,-0.020589754384288284,-0.007344678209605304,1.0120498787523282,-0.01569272453207715,1.1924519892860812,0.8219239272652992
2026-06-15,0.01096064291564483,-0.020341121464408793,-0.009380478548763962,1.0025563665744128,-0.02492599781499627,1.2055220297346962,0.8052050728262918
2026-06-16,-0.00011018365307909493,0.0025643060110229687,0.0024541223579438737,1.005016762568722,-0.02253304690558422,1.2053892009135927,0.8072698650346465
2026-06-17,0.007164773238224363,-0.017995613239037617,-0.010830840000813254,0.994131586815205,-0.03311983508063221,1.214025541201943,0.7927425487639529
2026-06-18,-0.008047594349805042,0.008171721113783184,0.0001241267639781416,0.9942549851520449,-0.032999819374606054,1.204255556116047,0.7992206197874817
2026-06-19,-0.006861108845844783,-0.0005770000284130419,-0.0074381088742578256,0.9868596083237104,-0.04019247199952458,1.1959930276673216,0.798759469467156
2026-06-22,-0.005536934512737919,0.003859330222085845,-0.001677604290652074,0.9852040484105153,-0.04180264922669841,1.1893708925954365,0.801842146027848
2026-06-23,-0.01968751586770022,0.01282369847694555,-0.006863817390754669,0.9784417877295933,-0.04837954086671126,1.165955134274883,0.8121247279346161
2026-06-24,0.01166315835252084,-6.386894700542126e-05,0.011599289405515419,0.9897910171919189,-0.03734141975701466,1.1795538536378658,0.8120728583834059
2026-06-25,-0.012105513852563712,-0.0066784543630948445,-0.01878396821565856,0.9711988141848416,-0.05542396793082993,1.1652747481228076,0.8066494668591844
2026-06-26,-0.014938319176869577,-0.00019262438623358208,-0.015130943563103159,0.956503659738858,-0.06971629456312844,1.1478675020066027,0.806494086500725
2026-06-29,0.019545145905428156,-0.009125761730077028,0.010419384175351128,0.9664698388348064,-0.06002331124411253,1.1703027398134211,0.7991342136306032
2026-06-30,0.00402800430997987,0.009310950904825865,0.013338955214805735,0.9793615367314844,-0.047485004289836374,1.175016724293371,0.8065749130600844
2026-07-01,-0.0011880618502482156,0.00275698000769896,0.0015689181574507444,0.9808980748291714,-0.04599058621782248,1.1736207317498344,0.8087986239701026
2026-07-02,-0.003053273336059739,0.0037221932919725706,0.0006689199559128316,0.9815542171261411,-0.04535243028281488,1.1700373468629357,0.8118091287828009
2026-07-03,0.00983149688114819,-0.014492826798349928,-0.004661329917201739,0.9769788690884955,-0.04980235755992157,1.1815405653894455,0.8000437196860324
2026-07-06,-0.0011383273532356631,0.0010911205199833178,-4.720683325234532e-05,0.9769327490099314,-0.04984721338158493,1.180195585444905,0.8009166638054656
2026-07-07,-0.009131915816695245,0.004440610609333159,-0.0046913052073620865,0.9723496593172586,-0.054304670097237495,1.169418138711387,0.8044732228399518
2026-07-08,-0.01304706037206711,0.001293329678694434,-0.011753730693372677,0.9609209232818509,-0.06542011832289474,1.154160669655429,0.8055136719347656
2026-07-09,0.0002599265265910042,0.0033021270172605244,0.0035620535438515284,0.964343775061988,-0.06209109474335461,1.1544606666294204,0.8081735803936343
2026-07-10,0.005241569072536536,-0.002004023555577975,0.0032375455169585616,0.9674658819277469,-0.0590545719718254,1.160511851955085,0.8065539815015297
2026-07-13,-0.008526271798441882,0.0045919998366919165,-0.003934271961749966,0.9636596080345288,-0.06275650718685355,1.1506170124800028,0.8102576772528679
2026-07-14,-0.001787953703218103,-0.00342161187691781,-0.005209565580135913,0.9586393601095448,-0.06763913862721926,1.1485597625315536,0.8074852899610157
2026-07-15,0.010724309930381124,0.0026930107373344067,0.01341732066771553,0.9715017318088282,-0.05512935397215324,1.1608772733985069,0.8096598565171202
2026-07-16,-0.006975490295373721,-0.010944203431127881,-0.017919693726501602,0.954092718320048,-0.07206114656013396,1.1527795852437956,0.800798774337379
2026-07-17,-0.017335804959330386,0.002881113316581045,-0.01445469164274934,0.9403016022781392,-0.08547421654993359,1.1327952231929115,0.8031059663500243
2026-07-20,0.0006955962395053291,-0.0009153661187836098,-0.0002197698792782807,0.9400949523085214,-0.08567520177095933,1.1335831912902943,0.8023708303586345
2026-07-21,0.0019109646203188811,0.0030859834344517155,0.004996948054770597,0.9447925579517592,-0.08110636824902007,1.135749428663038,0.8048469334494085
2026-07-22,0.005805228118330252,-0.0033158568604987355,0.0024893712578315163,0.9471444973901375,-0.0788189008531347,1.1423427131816903,0.8021781762234789
2026-07-23,0.0077593149277044235,0.0007046591386404402,0.008463974066344864,0.9551611038531288,-0.07102204791954869,1.1512065100486355,0.8027434384061726
2026-07-24,-0.018649425203585424,0.013633942404368885,-0.005015482799216538,0.9503705097662728,-0.07568132085905954,1.129737170345603,0.8136879962108875
2026-07-27,0.018294187625300228,-0.011643709399750374,0.006650478225549854,0.9566909281476781,-0.06953415960996367,1.150404794107181,0.8042136496409428
2026-07-28,-0.0029406980357159474,-0.016218995512268866,-0.019159693547984812,0.9383610231442314,-0.08736159996870496,1.147021800988872,0.7911701120665109
2026-07-29,0.003655959767930756,-0.014319944119181813,-0.010663984351251057,0.9283543558775974,-0.09709396158498951,1.1512152665462267,0.7798406002729517
2026-07-30,-0.013006394775561007,0.013140249310742416,0.00013385453518140883,0.928478620318387,-0.09697310351690502,1.1362421063178738,0.7900879001831773
2026-07-31,0.010461428589880032,-0.003944343816532512,0.00651708477334752,0.9345295941972427,-0.09108800067991174,1.1481288219739332,0.7869715218595726
2026-08-03,0.011242147996533641,-0.0028552819064273276,0.008386866090106315,0.9423673687610163,-0.0834650774539234,1.16103625610965,0.7847244963123334
2026-08-04,0.013612642257698848,-0.013693656899425019,-8.101464172617125e-05,0.9422910232062618,-0.08353933020230286,1.1768410273122885,0.7739787482992582
2026-08-05,0.01600010585344628,-0.018605708009588977,-0.002605602156142698,0.9398357876844816,-0.08592726209954782,1.1956706083219635,0.7595783257027751
2026-08-06,0.006413475853472402,-0.006493983631319459,-8.050777784705723e-05,0.939760123593674,-0.08600085206446673,1.203339012897143,0.7546456364889562
2026-08-07,-0.0008019116526001996,-0.0137394048086452,-0.0145413164612454,0.9260947742388393,-0.09929160291990591,1.2023740413206723,0.7442772546021568
2026-08-10,-0.0010675829217994097,-0.015673674529911318,-0.016741257451710727,0.910590783198623,-0.11437059408434147,1.2010904073285433,0.7326116951535067
2026-08-11,-0.0009146855164516146,-0.0061008492789688725,-0.007015534795420487,0.9042025018747039,-0.1205837579973904,1.199991787329011,0.7281421416213651
2026-08-12,-0.005837682087593457,0.00123833550250071,-0.0045993465850927475,0.9000437611854741,-0.12462849808692011,1.192986616766861,0.7290438258862018
2026-08-13,0.002274461174645209,0.003236909130483365,0.005511370305128574,0.905004235644188,-0.11980400158532067,1.1957000185085687,0.7314036745027354
2026-08-14,-0.000797981584187423,0.004335709000970293,0.0035377274167828704,0.9082058939409311,-0.11669010806958635,1.1947458719135862,0.7345748279976196
2026-08-17,-0.010030855987452798,-0.011966041530022588,-0.021996897517475387,0.8882281819671454,-0.13612018523855185,1.1827615481308174,0.7257848750988909
2026-08-18,-9.631445763578892e-05,0.00789962179811524,0.007803307340479451,0.8951592994595103,-0.1293790655387318,1.1826476310937966,0.7315183011189645
2026-08-19,-0.001395783749146219,0.0036204680815256616,0.0022246843323794428,0.8971507463280016,-0.12744220878639434,1.1809969107493496,0.7341667397792176
2026-08-20,0.00552084736300085,-0.027339292857414006,-0.021818445494413155,0.8775763116689721,-0.1454718219984371,1.1875170144297724,0.7140951402742207
2026-08-21,-0.010617408793672328,-0.00550845307307755,-0.01612586186674988,0.8634246372894664,-0.15679931030453576,1.1749086608381303,0.7101615807043075
2026-08-24,0.0028879078803185155,-0.01649675965537361,-0.013608851775055095,0.8516744193816633,-0.1682743035072255,1.1783016888184192,0.6984462157909483
